ingested_at,id,current_price,total_volume,high_24h,low_24h,price_change_percentage_24h,high_low_spread,z_score_volume
2026-09-28 12:37:29,bitcoin,83352.0,34200346487.0,85089.0,82581.0,-1.89402,0.03008926000575871,4.476732163777442
2026-09-28 12:37:29,ethereum,2681.01,13842861646.0,2713.44,2636.99,-1.22893,0.02851537293781085,1.6843088113768034
2026-09-28 12:37:29,tether,0.999738,62149513363.0,0.999877,0.999602,-0.00769,0.0002750720688820723,8.310501751437911
2026-09-28 12:37:29,binancecoin,768.5,935009038.0,783.74,758.0,-1.69322,0.03349381912817177,-0.08625318748720412
2026-09-28 12:37:29,ripple,1.52,3470291936.0,1.54,1.47,-1.48568,0.04605263157894741,0.26150996815856986
2026-09-28 12:37:29,usd-coin,0.99983,15379091428.0,1.0,0.99954,-0.00622,0.0004600782132962763,1.8950324813888508
2026-09-28 12:37:29,solana,119.54,4065963151.0,123.54,117.58,-3.67669,0.049857788188054274,0.34321781291986575
2026-09-28 12:37:29,tron,0.335651,321356188.0,0.334582,0.332966,0.4073,0.004814524610384019,-0.17042756177709956
2026-09-28 12:37:29,zcash,1587.12,1079560332.0,1661.93,1538.2,-4.76062,0.07795881848883514,-0.06642517768452054
2026-09-28 12:37:29,figure-heloc,1.058,401487.0,1.062,1.058,,0.003780718336483935,-0.21445271562764465
2026-09-28 12:37:29,hyperliquid,89.95,967828512.0,92.85,88.58,-3.72488,0.047470817120622524,-0.08175136094395007
2026-09-28 12:37:29,dogecoin,0.094352,1104826098.0,0.098088,0.092192,-4.20398,0.06248940139053754,-0.06295948850210263
2026-09-28 12:37:29,chainlink,14.67,728013684.0,14.25,13.54,2.24776,0.048398091342876676,-0.11464660960504387
2026-09-28 12:37:29,monero,532.99,107691865.0,552.95,526.49,-4.21908,0.049644458620236843,-0.19973576216531436
2026-09-28 12:37:29,whitebit,83.38,98048025.0,84.88,82.44,-1.65371,0.029263612377068815,-0.2010586016139568
2026-09-28 12:37:29,usds,0.999363,85267723.0,0.999839,0.999263,-0.03402,0.0005763671458719414,-0.20281166757639124
2026-09-28 12:37:29,cardano,0.252482,544739533.0,0.257648,0.242186,-1.93416,0.06124000918877376,-0.13978620927273352
2026-09-28 12:37:29,rain,0.01254326,21104160.0,0.01276074,0.01249052,-1.23961,0.021543043833899628,-0.21161294303324815
2026-09-28 12:37:29,leo-token,9.01,415951.0,9.09,9.0,-0.13589,0.00998890122086569,-0.21445073160988978
2026-09-28 12:37:29,stellar,0.228648,399868899.0,0.218995,0.207092,4.84494,0.052058185507854855,-0.15965802274175017
2026-09-28 12:37:29,near,5.18,1293454600.0,5.57,4.95,-0.38297,0.11969111969111972,-0.037085435885724674
2026-09-28 12:37:29,bitcoin-cash,313.65,309445371.0,338.01,305.68,-7.64153,0.10307667782560175,-0.17206136103062938
2026-09-28 12:37:29,uniswap,9.06,960125187.0,9.9,8.78,-8.54632,0.12362030905077273,-0.08280802117428504
2026-09-28 12:37:29,litecoin,71.86,519396151.0,72.15,69.56,0.1929,0.0360423044809352,-0.14326254499290464
2026-09-28 12:37:29,hedera-hashgraph,0.121328,852952421.0,0.118555,0.093066,26.99352,0.2100834102597916,-0.09750884187277505
2026-09-28 12:37:29,canton-network,0.13279,43047582.0,0.146469,0.129111,-3.86577,0.1307176745236839,-0.20860297768129202
2026-09-28 12:37:29,avalanche-2,10.58,574057377.0,11.08,10.35,-4.05933,0.06899810964083179,-0.13576469910745237
2026-09-28 12:37:29,ethena-usde,0.999805,32270119.0,0.999903,0.9996,-0.00205,0.0003030590965237643,-0.21008131548165832
2026-09-28 12:37:29,sui,1.19,1439180352.0,1.29,1.16,-5.56998,0.1092436974789917,-0.017096326420129464
2026-09-28 12:37:29,the-open-network,1.65,163179169.0,1.72,1.56,2.19895,0.09696969696969693,-0.1921246036817626
2026-09-28 12:37:29,dai,0.999871,164018392.0,1.0,0.999637,-0.00349,0.0003630468330414646,-0.1920094879923061
2026-09-28 12:37:29,usd1-wlfi,0.999484,857502805.0,0.999714,0.999276,-0.00247,0.00043822612468027343,-0.09688466857026573
2026-09-28 12:37:29,bittensor,305.94,307874052.0,331.96,298.07,-8.74773,0.11077335425246776,-0.17227689786653722
2026-09-28 12:37:29,crypto-com-chain,0.068621,15303063.0,0.068374,0.063356,0.92553,0.07312630244385841,-0.21240867584891093
2026-09-28 12:37:29,bitway,1.26,35854740.0,1.43,1.13,9.91698,0.23809523809523814,-0.20958961528057324
2026-09-28 12:37:29,shiba-inu,5.75e-06,100418769.0,5.97e-06,5.59e-06,-4.29529,0.06608695652173908,-0.20073340815514448
2026-09-28 12:37:29,quant-network,232.68,1453765368.0,358.2,157.63,44.11526,0.8619993123603231,-0.015095708976882663
2026-09-28 12:37:29,global-dollar,0.999939,674188255.0,1.0,0.999722,0.00337,0.00027801695903450157,-0.12202980974329826
2026-09-28 12:37:29,tether-gold,4156.74,273434622.0,4281.11,4146.86,-2.88803,0.03229694423995728,-0.17700093275230472
2026-09-28 12:37:29,paypal-usd,0.999744,46285624.0,0.999989,0.999649,-0.00975,0.00034008706228795267,-0.20815881750298534
2026-09-28 12:37:29,ethena,0.268458,611833124.0,0.294013,0.25758,-1.7916,0.13571210394177136,-0.13058302372362843
2026-09-28 12:37:29,memecore,1.17,1734993.0,1.21,1.15,-3.04757,0.05128205128205133,-0.2142697994509141
2026-09-28 12:37:29,ondo-finance,0.540507,723614996.0,0.606332,0.507278,-0.80062,0.18326127136188797,-0.11524997486293598
2026-09-28 12:37:29,ripple-usd,1.0,202131027.0,1.0,0.999836,0.01458,0.000164000000000053,-0.1867816018940599
2026-09-28 12:37:29,okb,118.11,29343110.0,122.07,116.19,-3.13065,0.0497840995681991,-0.21048281145958117
2026-09-28 12:37:29,pump-fun,0.00520131,516830760.0,0.00528063,0.00447369,13.62039,0.15514168546000912,-0.143614438057907
2026-09-28 12:37:29,hashnote-usyc,1.14,0.0,1.14,1.14,0.0,0.0,-0.2145077873461424
2026-09-28 12:37:29,aave,149.96,272570508.0,156.09,146.37,-4.07635,0.06481728460922911,-0.17711946272452783
2026-09-28 12:37:29,blackrock-usd-institutional-digital-liquidity-fund,1.0,0.0,1.0,1.0,0.0,0.0,-0.2145077873461424
2026-09-28 12:37:29,ondo-us-dollar-yield,1.15,2656355.0,1.15,1.14,0.28184,0.008695652173913052,-0.2141434168066479
2026-09-28 12:37:29,mantle,0.671716,48705017.0,0.685981,0.645253,-2.36237,0.0606327674195642,-0.207826950891535
2026-09-28 12:37:29,polkadot,1.22,216294484.0,1.28,1.18,-2.24543,0.08196721311475418,-0.1848388094328877
2026-09-28 12:37:29,worldcoin-wld,0.516637,629127896.0,0.582666,0.502871,-10.63182,0.15445080394938818,-0.12821071075940704
2026-09-28 12:37:29,aster-2,0.70822,145443591.0,0.734716,0.69562,-3.87599,0.05520318545084864,-0.19455738172690593
2026-09-28 12:37:29,sky,0.08064,57111999.0,0.086122,0.074573,4.68478,0.1432167658730159,-0.20667377047443694
2026-09-28 12:37:29,morpho,2.61,36338569.0,2.74,2.48,-4.2224,0.09961685823754798,-0.20952324876188388
2026-09-28 12:37:29,pax-gold,4161.67,170582390.0,4277.99,4149.21,-2.73989,0.030944308414650786,-0.1911091085277764
2026-09-28 12:37:29,world-liberty-financial,0.05652,46851385.0,0.059444,0.055922,-2.78365,0.06231422505307851,-0.2080812124235457
2026-09-28 12:37:29,pepe,4.27e-06,301280635.0,4.42e-06,4.13e-06,-3.90349,0.06791569086651049,-0.1731813127167369
2026-09-28 12:37:29,internet-computer,3.02,78190316.0,3.2,2.95,-6.00362,0.08278145695364239,-0.20378247102954872
2026-09-28 12:37:29,usdd,0.998676,1731982.0,0.999598,0.99709,0.01418,0.0025113249942923977,-0.2142702124678845
2026-09-28 12:37:29,htx-dao,1.71e-06,71006820.0,1.72e-06,1.69e-06,-0.24877,0.017543859649122886,-0.2047678266439062
2026-09-28 12:37:29,united-stables,0.999695,124474414.0,1.0,0.999323,-0.02762,0.0006772065479971778,-0.19743371050684896
2026-09-28 12:37:29,spiko-amundi-overnight-swap-fund-eur,1.15,0.0,1.16,1.15,-0.42854,0.008695652173913052,-0.2145077873461424
2026-09-28 12:37:29,ethereum-classic,9.3,96800196.0,9.63,8.98,-2.55852,0.0698924731182796,-0.20122976553064972
2026-09-28 12:37:29,arbitrum,0.211119,362563025.0,0.233802,0.204917,-6.92141,0.13681857151653817,-0.1647752459426001
2026-09-28 12:37:29,usdgo,0.999919,21752983.0,1.0,0.999569,0.01061,0.0004310349138279793,-0.21152394439167108
2026-09-28 12:37:29,bitget-token,1.99,22498136.0,2.07,1.96,-3.87144,0.05527638190954768,-0.2114217322247672
2026-09-28 12:37:29,falcon-finance,0.995994,393442.0,0.99689,0.99584,-0.02544,0.0010542232182122646,-0.2144538191552192
2026-09-28 12:37:29,venice-token,28.19,47966816.0,30.47,27.4,-10.84321,0.10890386661936857,-0.20792820945698479
2026-09-28 12:37:29,kaspa,0.04765794,30917829.0,0.0489498,0.04597124,-1.59074,0.062498714799674615,-0.21026680824781832
2026-09-28 12:37:29,bfusd,0.999032,2853521.0,0.999849,0.998856,-0.06676,0.0009939621553664163,-0.21411637167081704
2026-09-28 12:37:29,polygon-ecosystem-token,0.118925,155619227.0,0.124807,0.112007,-1.13096,0.1076308597855792,-0.1931615961564458
2026-09-28 12:37:29,algorand,0.131393,126954331.0,0.132293,0.115069,11.14033,0.1310876530713203,-0.19709354185650232
2026-09-28 12:37:29,gatechain-token,10.86,4006973.0,11.38,10.78,-4.63922,0.05524861878453052,-0.21395815338767302
2026-09-28 12:37:29,jupiter-exchange-solana,0.345833,123934469.0,0.373954,0.332305,1.24072,0.12043095945152715,-0.19750777442185558
2026-09-28 12:37:29,lighter,4.39,89940716.0,4.75,4.35,-7.94462,0.09111617312072902,-0.20217067607470415
2026-09-28 12:37:29,just,0.130838,24789420.0,0.129259,0.124728,4.42324,0.03463061190174114,-0.21110743824402475
2026-09-28 12:37:29,render-token,1.96,97251244.0,2.09,1.92,-4.43691,0.08673469387755099,-0.20116789556104933
2026-09-28 12:37:29,kucoin-shares,7.34,3062772.0,7.38,7.26,-0.16283,0.01634877384196187,-0.21408766884316044
2026-09-28 12:37:29,pancakeswap-token,2.66,119894488.0,2.86,2.62,-5.68773,0.09022556390977435,-0.19806193606686065
2026-09-28 12:37:29,pi-network,0.089319,8166304.0,0.091534,0.088142,-2.21932,0.03797624245681217,-0.21338762057846408
2026-09-28 12:37:29,blockchain-capital,107.53,0.0,107.53,107.53,0.0,0.0,-0.2145077873461424
2026-09-28 12:37:29,cosmos,1.78,63316885.0,1.89,1.75,-6.0569,0.07865168539325837,-0.20582265017638873
2026-09-28 12:37:29,filecoin,1.064,146283983.0,1.16,1.039,-6.88313,0.11372180451127818,-0.19444210568645695
2026-09-28 12:37:29,nexo,0.864124,3800783.0,0.889543,0.849503,-0.37108,0.04633594252676695,-0.21398643633989076
2026-09-28 12:37:29,dash,65.93,160180132.0,69.68,64.25,-3.45252,0.0823600788715305,-0.19253597969500402
2026-09-28 12:37:29,aerodrome-finance,0.79338,66324926.0,0.860877,0.767784,-7.21673,0.11733721545791422,-0.2054100390901478
2026-09-28 12:37:29,vechain,0.00896514,12982800.0,0.00942057,0.00867844,-3.74443,0.08277952156909973,-0.21272694486080096
2026-09-28 12:37:29,superstate-short-duration-us-government-securities-fund-ustb,11.22,0.0,11.22,11.22,0.0,0.0,-0.2145077873461424
2026-09-28 12:37:29,injective-protocol,7.44,118231269.0,7.9,7.28,-5.40276,0.08333333333333334,-0.19829007876779012
2026-09-28 12:37:29,eutbl,1.21,0.0,1.21,1.2,-0.41868,0.008264462809917363,-0.2145077873461424
2026-09-28 12:37:29,aptos,0.83605,99732230.0,0.873666,0.811535,-2.02196,0.07431493331738538,-0.20082758027664707
2026-09-28 12:37:29,stable-2,0.02703893,9141694.0,0.02887433,0.0269789,-1.01577,0.07010003724259799,-0.21325382694752337
2026-09-28 12:37:29,akedo,0.03141911,10928271.0,0.03358307,0.02846185,-4.86224,0.16299697859041837,-0.21300876330755866
2026-09-28 12:37:29,gho,0.999409,6783972.0,0.999571,0.998854,0.0203,0.000717423997582539,-0.21357723418681107
2026-09-28 12:37:29,xdce-crowd-sale,0.03382575,34837971.0,0.03561706,0.03113633,6.45468,0.13246505990258897,-0.20972908484283856
2026-09-28 12:37:29,ether-fi,0.690124,67815611.0,0.730333,0.66335,-6.60414,0.097059369040926,-0.20520556276914914
2026-09-28 12:37:29,pyth-network,0.08157,58200457.0,0.086959,0.079059,-6.41557,0.09684933186220412,-0.20652446737726915
2026-09-28 12:37:29,pudgy-penguins,0.00989122,277962345.0,0.01057545,0.00940794,-9.18997,0.11803498456206617,-0.17637986784486892
