ingested_at,id,current_price,total_volume,high_24h,low_24h,price_change_percentage_24h
2026-09-28 12:37:29,bitcoin,83352.0,34200346487.0,85089.0,82581.0,-1.89402
2026-09-28 12:37:29,ethereum,2681.01,13842861646.0,2713.44,2636.99,-1.22893
2026-09-28 12:37:29,tether,0.999738,62149513363.0,0.999877,0.999602,-0.00769
2026-09-28 12:37:29,binancecoin,768.5,935009038.0,783.74,758.0,-1.69322
2026-09-28 12:37:29,ripple,1.52,3470291936.0,1.54,1.47,-1.48568
2026-09-28 12:37:29,usd-coin,0.99983,15379091428.0,1.0,0.99954,-0.00622
2026-09-28 12:37:29,solana,119.54,4065963151.0,123.54,117.58,-3.67669
2026-09-28 12:37:29,tron,0.335651,321356188.0,0.334582,0.332966,0.4073
2026-09-28 12:37:29,zcash,1587.12,1079560332.0,1661.93,1538.2,-4.76062
2026-09-28 12:37:29,figure-heloc,1.058,401487.0,1.062,1.058,
2026-09-28 12:37:29,hyperliquid,89.95,967828512.0,92.85,88.58,-3.72488
2026-09-28 12:37:29,dogecoin,0.094352,1104826098.0,0.098088,0.092192,-4.20398
2026-09-28 12:37:29,chainlink,14.67,728013684.0,14.25,13.54,2.24776
2026-09-28 12:37:29,monero,532.99,107691865.0,552.95,526.49,-4.21908
2026-09-28 12:37:29,whitebit,83.38,98048025.0,84.88,82.44,-1.65371
2026-09-28 12:37:29,usds,0.999363,85267723.0,0.999839,0.999263,-0.03402
2026-09-28 12:37:29,cardano,0.252482,544739533.0,0.257648,0.242186,-1.93416
2026-09-28 12:37:29,rain,0.01254326,21104160.0,0.01276074,0.01249052,-1.23961
2026-09-28 12:37:29,leo-token,9.01,415951.0,9.09,9.0,-0.13589
2026-09-28 12:37:29,stellar,0.228648,399868899.0,0.218995,0.207092,4.84494
2026-09-28 12:37:29,near,5.18,1293454600.0,5.57,4.95,-0.38297
2026-09-28 12:37:29,bitcoin-cash,313.65,309445371.0,338.01,305.68,-7.64153
2026-09-28 12:37:29,uniswap,9.06,960125187.0,9.9,8.78,-8.54632
2026-09-28 12:37:29,litecoin,71.86,519396151.0,72.15,69.56,0.1929
2026-09-28 12:37:29,hedera-hashgraph,0.121328,852952421.0,0.118555,0.093066,26.99352
2026-09-28 12:37:29,canton-network,0.13279,43047582.0,0.146469,0.129111,-3.86577
2026-09-28 12:37:29,avalanche-2,10.58,574057377.0,11.08,10.35,-4.05933
2026-09-28 12:37:29,ethena-usde,0.999805,32270119.0,0.999903,0.9996,-0.00205
2026-09-28 12:37:29,sui,1.19,1439180352.0,1.29,1.16,-5.56998
2026-09-28 12:37:29,the-open-network,1.65,163179169.0,1.72,1.56,2.19895
2026-09-28 12:37:29,dai,0.999871,164018392.0,1.0,0.999637,-0.00349
2026-09-28 12:37:29,usd1-wlfi,0.999484,857502805.0,0.999714,0.999276,-0.00247
2026-09-28 12:37:29,bittensor,305.94,307874052.0,331.96,298.07,-8.74773
2026-09-28 12:37:29,crypto-com-chain,0.068621,15303063.0,0.068374,0.063356,0.92553
2026-09-28 12:37:29,bitway,1.26,35854740.0,1.43,1.13,9.91698
2026-09-28 12:37:29,shiba-inu,5.75e-06,100418769.0,5.97e-06,5.59e-06,-4.29529
2026-09-28 12:37:29,quant-network,232.68,1453765368.0,358.2,157.63,44.11526
2026-09-28 12:37:29,global-dollar,0.999939,674188255.0,1.0,0.999722,0.00337
2026-09-28 12:37:29,tether-gold,4156.74,273434622.0,4281.11,4146.86,-2.88803
2026-09-28 12:37:29,paypal-usd,0.999744,46285624.0,0.999989,0.999649,-0.00975
2026-09-28 12:37:29,ethena,0.268458,611833124.0,0.294013,0.25758,-1.7916
2026-09-28 12:37:29,memecore,1.17,1734993.0,1.21,1.15,-3.04757
2026-09-28 12:37:29,ondo-finance,0.540507,723614996.0,0.606332,0.507278,-0.80062
2026-09-28 12:37:29,ripple-usd,1.0,202131027.0,1.0,0.999836,0.01458
2026-09-28 12:37:29,okb,118.11,29343110.0,122.07,116.19,-3.13065
2026-09-28 12:37:29,pump-fun,0.00520131,516830760.0,0.00528063,0.00447369,13.62039
2026-09-28 12:37:29,hashnote-usyc,1.14,0.0,1.14,1.14,0.0
2026-09-28 12:37:29,aave,149.96,272570508.0,156.09,146.37,-4.07635
2026-09-28 12:37:29,blackrock-usd-institutional-digital-liquidity-fund,1.0,0.0,1.0,1.0,0.0
2026-09-28 12:37:29,ondo-us-dollar-yield,1.15,2656355.0,1.15,1.14,0.28184
2026-09-28 12:37:29,mantle,0.671716,48705017.0,0.685981,0.645253,-2.36237
2026-09-28 12:37:29,polkadot,1.22,216294484.0,1.28,1.18,-2.24543
2026-09-28 12:37:29,worldcoin-wld,0.516637,629127896.0,0.582666,0.502871,-10.63182
2026-09-28 12:37:29,aster-2,0.70822,145443591.0,0.734716,0.69562,-3.87599
2026-09-28 12:37:29,sky,0.08064,57111999.0,0.086122,0.074573,4.68478
2026-09-28 12:37:29,morpho,2.61,36338569.0,2.74,2.48,-4.2224
2026-09-28 12:37:29,pax-gold,4161.67,170582390.0,4277.99,4149.21,-2.73989
2026-09-28 12:37:29,world-liberty-financial,0.05652,46851385.0,0.059444,0.055922,-2.78365
2026-09-28 12:37:29,pepe,4.27e-06,301280635.0,4.42e-06,4.13e-06,-3.90349
2026-09-28 12:37:29,internet-computer,3.02,78190316.0,3.2,2.95,-6.00362
2026-09-28 12:37:29,usdd,0.998676,1731982.0,0.999598,0.99709,0.01418
2026-09-28 12:37:29,htx-dao,1.71e-06,71006820.0,1.72e-06,1.69e-06,-0.24877
2026-09-28 12:37:29,united-stables,0.999695,124474414.0,1.0,0.999323,-0.02762
2026-09-28 12:37:29,spiko-amundi-overnight-swap-fund-eur,1.15,0.0,1.16,1.15,-0.42854
2026-09-28 12:37:29,ethereum-classic,9.3,96800196.0,9.63,8.98,-2.55852
2026-09-28 12:37:29,arbitrum,0.211119,362563025.0,0.233802,0.204917,-6.92141
2026-09-28 12:37:29,usdgo,0.999919,21752983.0,1.0,0.999569,0.01061
2026-09-28 12:37:29,bitget-token,1.99,22498136.0,2.07,1.96,-3.87144
2026-09-28 12:37:29,falcon-finance,0.995994,393442.0,0.99689,0.99584,-0.02544
2026-09-28 12:37:29,venice-token,28.19,47966816.0,30.47,27.4,-10.84321
2026-09-28 12:37:29,kaspa,0.04765794,30917829.0,0.0489498,0.04597124,-1.59074
2026-09-28 12:37:29,bfusd,0.999032,2853521.0,0.999849,0.998856,-0.06676
2026-09-28 12:37:29,polygon-ecosystem-token,0.118925,155619227.0,0.124807,0.112007,-1.13096
2026-09-28 12:37:29,algorand,0.131393,126954331.0,0.132293,0.115069,11.14033
2026-09-28 12:37:29,gatechain-token,10.86,4006973.0,11.38,10.78,-4.63922
2026-09-28 12:37:29,jupiter-exchange-solana,0.345833,123934469.0,0.373954,0.332305,1.24072
2026-09-28 12:37:29,lighter,4.39,89940716.0,4.75,4.35,-7.94462
2026-09-28 12:37:29,just,0.130838,24789420.0,0.129259,0.124728,4.42324
2026-09-28 12:37:29,render-token,1.96,97251244.0,2.09,1.92,-4.43691
2026-09-28 12:37:29,kucoin-shares,7.34,3062772.0,7.38,7.26,-0.16283
2026-09-28 12:37:29,pancakeswap-token,2.66,119894488.0,2.86,2.62,-5.68773
2026-09-28 12:37:29,pi-network,0.089319,8166304.0,0.091534,0.088142,-2.21932
2026-09-28 12:37:29,blockchain-capital,107.53,0.0,107.53,107.53,0.0
2026-09-28 12:37:29,cosmos,1.78,63316885.0,1.89,1.75,-6.0569
2026-09-28 12:37:29,filecoin,1.064,146283983.0,1.16,1.039,-6.88313
2026-09-28 12:37:29,nexo,0.864124,3800783.0,0.889543,0.849503,-0.37108
2026-09-28 12:37:29,dash,65.93,160180132.0,69.68,64.25,-3.45252
2026-09-28 12:37:29,aerodrome-finance,0.79338,66324926.0,0.860877,0.767784,-7.21673
2026-09-28 12:37:29,vechain,0.00896514,12982800.0,0.00942057,0.00867844,-3.74443
2026-09-28 12:37:29,superstate-short-duration-us-government-securities-fund-ustb,11.22,0.0,11.22,11.22,0.0
2026-09-28 12:37:29,injective-protocol,7.44,118231269.0,7.9,7.28,-5.40276
2026-09-28 12:37:29,eutbl,1.21,0.0,1.21,1.2,-0.41868
2026-09-28 12:37:29,aptos,0.83605,99732230.0,0.873666,0.811535,-2.02196
2026-09-28 12:37:29,stable-2,0.02703893,9141694.0,0.02887433,0.0269789,-1.01577
2026-09-28 12:37:29,akedo,0.03141911,10928271.0,0.03358307,0.02846185,-4.86224
2026-09-28 12:37:29,gho,0.999409,6783972.0,0.999571,0.998854,0.0203
2026-09-28 12:37:29,xdce-crowd-sale,0.03382575,34837971.0,0.03561706,0.03113633,6.45468
2026-09-28 12:37:29,ether-fi,0.690124,67815611.0,0.730333,0.66335,-6.60414
2026-09-28 12:37:29,pyth-network,0.08157,58200457.0,0.086959,0.079059,-6.41557
2026-09-28 12:37:29,pudgy-penguins,0.00989122,277962345.0,0.01057545,0.00940794,-9.18997
